﻿ProductID,DietID
BALL-1,VG
BALL-1,GF
BALL-1,HF
BALL-1,PSF
BALL-2,VG
BALL-2,GF
BALL-2,NF
BALL-2,HF
BALL-2,PSF
BALL-3,VG
BALL-3,GF
BALL-3,HF
BALL-3,PSF
BALL-4,VG
BALL-4,GF
BALL-4,HF
BALL-4,PSF
BALL-5,VG
BALL-5,GF
BALL-5,NF
BALL-5,HF
BALL-5,PSF
BALL-6,VG
BALL-6,GF
BALL-6,NF
BALL-6,HF
BALL-6,PSF
BROW-1,VG
BROW-1,GF
BROW-1,HF
BROW-1,PSF
BROW-2,VG
BROW-2,GF
BROW-2,NF
BROW-2,HF
BROW-2,PSF
BROW-3,VG
BROW-3,GF
BROW-3,NF
BROW-3,HF
BROW-3,PSF
CAKE-1,VG
CAKE-1,GF
CAKE-1,HF
CAKE-1,PSF
CAKE-2,VG
CAKE-2,GF
CAKE-2,HF
CAKE-2,PSF
COOK-1,VG
COOK-1,GF
COOK-1,NF
COOK-1,HF
COOK-1,PSF
COOK-2,VG
COOK-2,GF
COOK-2,NF
COOK-2,HF
COOK-2,PSF
COOK-3,VG
COOK-3,GF
COOK-3,NF
COOK-3,HF
COOK-3,PSF
COOK-4,VG
COOK-4,GF
COOK-4,HF
COOK-4,PSF
COOK-5,VG
COOK-5,GF
COOK-5,NF
COOK-5,HF
COOK-5,PSF
COOK-6,VG
COOK-6,GF
COOK-6,HF
COOK-6,PSF
COOK-7,VG
COOK-7,GF
COOK-7,NF
COOK-7,HF
COOK-7,PSF
CRIS-1,VG
CRIS-1,GF
CRIS-1,NF
CRIS-1,HF
CRIS-1,PSF
CRIS-2,VG
CRIS-2,GF
CRIS-2,NF
CRIS-2,HF
CRIS-2,PSF
CRIS-3,VG
CRIS-3,GF
CRIS-3,NF
CRIS-3,HF
CRIS-3,PSF
DRIN-1,VG
DRIN-1,GF
DRIN-1,PSF
DRIN-2,VG
DRIN-2,GF
DRIN-2,NF
DRIN-2,HF
DRIN-2,PSF
PAST-1,VG
PAST-1,GF
PAST-1,HF
PAST-1,PSF
PAST-2,VG
PAST-2,GF
PAST-2,HF
PAST-2,PSF
PIES-1,VG
PIES-1,GF
PIES-1,NF
PIES-1,HF
PIES-1,PSF
PIES-2,VG
PIES-2,GF
PIES-2,NF
PIES-2,HF
PIES-2,PSF
PUDD-1,VG
PUDD-1,GF
PUDD-1,HF
PUDD-1,PSF
PUDD-2,VG
PUDD-2,GF
PUDD-2,HF
PUDD-2,PSF
PUDD-3,VG
PUDD-3,GF
PUDD-3,NF
PUDD-3,HF
PUDD-3,PSF
PUDD-4,VG
PUDD-4,GF
PUDD-4,NF
PUDD-4,HF
PUDD-4,PSF
SPEC-1,UK
SPEC-2,UK
