﻿ProductID,ProductTypeID,ProductName,ProductPrice,
BALL-1,2,Cookie Dough Balls,1.25,
BALL-2,2,Gingerbread Truffles,1.50,
BALL-3,2,Sunshine Bites,1.25,
BALL-4,2,Joy Balls,1.25,
BALL-5,2,Cranberry Orange Bliss Balls,1.50,
BALL-6,2,Lemon Bliss Balls,1.25,
BROW-1,8,Turtle Brownie Cups,4.75,
BROW-2,8,Raspberry Truffle Brownies,5.50,
BROW-3,8,Fudgy Brownies,3.75,
CAKE-1,4,Maple Date Carrot Cake Slice,7.25,
CAKE-2,4,Fudge Pudding Cake,6.25,
COOK-1,1,Chocolate Mint Cookies,1.75,
COOK-2,1,Oatmeal Raisin Cookies,2.00,
COOK-3,1,Shmoopy Cookies,2.75,
COOK-4,1,Vanilla Cookies,1.25,
COOK-5,1,Chocolate Chip Cookies,1.50,
COOK-6,1,Spiced Oatmeal Cookies,1.75,
COOK-7,1,Raspberry Thumbprint Cookies,2.75,
CRIS-1,6,Apple Pear Crisp,8.50,
CRIS-2,6,Peach Berry Crisp,9.00,
CRIS-3,6,Strawberry Rhubarb Crisp,8.75,
DRIN-1,7,Spiced Chai,5.25,
DRIN-2,7,Herbal Tea,3.75,
PAST-1,5,Blueberry Streusel Coffee Cake,5.50,
PAST-2,5,Chocolate Chip Scones,5.50,
PIES-1,9,Peach Plum Pie Slice,9.00,
PIES-2,9,Mini Pumpkin Pies,3.50,
PUDD-1,3,Cranberry Orange Rice Pudding,7.25,
PUDD-2,3,Pumpkin Spice Chia Pudding,6.25,
PUDD-3,3,Orange Chocolate Pudding,7.00,
PUDD-4,3,Vanilla Fruit Pudding,7.75,
SPEC-1,10,Special Order Pie,30.00,
SPEC-2,10,Special Order Cake,40.00,
